Jacob Claessens, ;lasfjsa;fj
Jacob Claessens, portfolio
User, market news
Jacob Claessens, mamarket
Jacob Claessens, newcore steal
Jacob Claessens, wuote
Jacob Claessens, atlassian
You, talk to me
You, speak
You, talk to me
Jacob Claessens, 21 Dividend Increases To Check Out
Jacob Claessens, catapiller
Jacob Claessens, catapiller
Jacob Claessens, peers
Jacob Claessens, getPeers
Jacob Claessens, peers
Jacob Claessens, Royal Dutch Shell PLC American Depositary Shares (Each representing two Class A)
Jacob Claessens, Royal Dutch Shell PLC American Depositary Shares (Each representing two Class A)
Jacob Claessens, Royal Dutch Shell PLC American Depositary Shares (Each representing two Class A)
